id,first_name,last_name,email,timestamp,music_instrument,music_training,s1_name,s1_rating1,s1_rating2,s1_rating3,s2_name,s2_rating1,s2_rating2,s2_rating3,s3_name,s3_rating1,s3_rating2,s3_rating3,s4_name,s4_rating1,s4_rating2,s4_rating3,s5_name,s5_rating1,s5_rating2,s5_rating3,comments
29,,,,"2013-04-26 08:06:02",4,3,"Black Or White",3,1,2,Drive,2,2,1,Intergalactic,3,2,1,"Suds And Soda",4,3,2,Tubthumping,1,1,1,
30,Peter,Kun,kuniiii@gmail.com,"2013-04-26 08:22:41",7,3,"Black Or White",4,2,2,Drive,3,2,2,Intergalactic,4,5,3,"Suds And Soda",3,4,3,Tubthumping,3,3,2,"Good luck dude!"
31,,,,"2013-04-26 08:27:56",0,5,"Black Or White",3,3,1,Drive,3,1,1,Intergalactic,4,4,2,"Suds And Soda",2,1,2,Tubthumping,3,1,5,"It was really difficult to listen both to music and to ding sound - would be really nicer to use visual channel for segment boundaries and audio channel for music only "
32,,,,"2013-04-26 08:28:01",0,0,"Black Or White",3,3,1,Drive,3,1,1,Intergalactic,4,4,2,"Suds And Soda",2,1,2,Tubthumping,3,1,5,
33,Juanjo,,juanjo.bosch@gmail.com,"2013-04-26 08:42:22",1,2,"Black Or White",3,3,2,Drive,2,2,1,Intergalactic,4,5,4,"Suds And Soda",3,4,3,Tubthumping,4,2,2,
34,brian,mcfee,brm2132@columbia.edu,"2013-04-26 08:46:07",0,1,"Black Or White",1,2,1,Drive,2,3,2,Intergalactic,4,4,2,"Suds And Soda",3,3,2,Tubthumping,3,1,2,
35,Sergi,CASANELLES,sc2839@nyu.edu,"2013-04-26 08:53:19",7,8,"Black Or White",4,3,2,Drive,2,2,2,Intergalactic,4,5,3,"Suds And Soda",5,4,3,Tubthumping,3,1,3,"It is not clear if the rating is about the boundary (if it is a boundary or not) or about the accuracy of placement( if the boundary is placed correctly or appears a bit before or after) Dings offbeat may produce bias against, and dings on the beat in favor, as they inevitably integratewith the music. Radio buttons in years of training are not working properly"
36,Andreu,BallÃºs,,"2013-04-26 08:55:11",1,3,"Black Or White",5,3,2,Drive,1,1,3,Intergalactic,5,4,2,"Suds And Soda",5,2,4,Tubthumping,5,1,2,"I am an occasional amateur composer. I have done a bit of research on music cognition. "
37,,,,"2013-04-26 09:03:14",7,8,"Black Or White",5,1,3,Drive,3,3,1,Intergalactic,4,5,3,"Suds And Soda",5,3,2,Tubthumping,1,1,1,
38,,,,"2013-04-26 09:15:53",5,3,"Black Or White",4,4,3,Drive,4,3,3,Intergalactic,4,5,3,"Suds And Soda",5,4,3,Tubthumping,3,3,2,
39,,,,"2013-04-26 09:27:44",0,3,"Black Or White",3,2,1,Drive,2,2,1,Intergalactic,4,5,3,"Suds And Soda",4,4,2,Tubthumping,2,3,1,
40,,,elitrout24@gmail.com,"2013-04-26 09:32:11",0,2,"Black Or White",4,3,2,Drive,3,2,2,Intergalactic,5,4,2,"Suds And Soda",5,4,3,Tubthumping,4,2,3,"I am not sure if the inaccuracy includes that there should be a ding but was not or just the timing of existing dings. So I took them both as inaccurate."
41,Areti,Andreopoulou,aa1510@nyu.edu,"2013-04-26 10:24:43",0,4,"Black Or White",5,5,3,Drive,3,2,3,Intergalactic,5,5,4,"Suds And Soda",5,4,3,Tubthumping,4,4,2,
42,Colin,Raffel,craffel@gmail.com,"2013-04-26 12:01:05",3,3,"Black Or White",3,3,2,Drive,1,1,1,Intergalactic,3,3,2,"Suds And Soda",5,2,2,Tubthumping,2,1,1,"A+ choice on Intergalactic.  Segmentation is HARD!  Good luck tio."
43,Ryan,Groves,ryan.groves@mail.mcgill.ca,"2013-04-26 12:45:00",3,3,"Black Or White",3,2,1,Drive,5,2,2,Intergalactic,4,4,2,"Suds And Soda",5,3,2,Tubthumping,3,2,1,
44,ejh,,,"2013-04-26 12:56:48",8,4,"Black Or White",4,3,2,Drive,5,2,1,Intergalactic,4,5,2,"Suds And Soda",5,4,2,Tubthumping,4,3,2,"I left you a previous comment but the site said there was a SQL error. wtf. ask me about false positive / false negative asymmetry and its biasing effect."
45,,,,"2013-04-26 14:05:39",0,1,"Black Or White",3,4,4,Drive,3,4,2,Intergalactic,3,4,3,"Suds And Soda",4,3,3,Tubthumping,4,2,3,
46,nomasdf,,nomasdf@gmail.com,"2013-04-26 14:35:04",6,2,"Black Or White",4,3,1,Drive,1,2,3,Intergalactic,4,2,2,"Suds And Soda",5,3,3,Tubthumping,2,1,2,
47,Borje,Karlsson,borje.karlsson@gmail.com,"2013-04-26 22:58:02",1,1,"Black Or White",2,4,3,Drive,4,2,1,Intergalactic,5,2,3,"Suds And Soda",5,4,4,Tubthumping,4,2,1,
48,eric,arnau,eric.arnau@gmail.com,"2013-04-27 07:25:13",4,3,"Black Or White",2,3,1,Drive,2,2,1,Intergalactic,4,4,2,"Suds And Soda",4,3,4,Tubthumping,2,2,4,"nice selection"
49,Ioanna,Zioga,joannazioga@gmail.com,"2013-04-27 08:31:57",8,4,"Black Or White",5,4,5,Drive,4,3,2,Intergalactic,4,5,3,"Suds And Soda",5,5,4,Tubthumping,4,1,2,
50,vicente,"nieto aguilera",vicentenietoaguilera@gmail.com,"2013-04-28 06:06:44",0,1,"Black Or White",4,3,2,Drive,4,2,3,Intergalactic,3,4,2,"Suds And Soda",3,5,2,Tubthumping,3,2,2,"Ja entendrÃ s que per mi Ã©s molt difÃ­cil. Ja em dirÃ s el resultat."
51,,,,"2013-04-28 06:41:05",2,2,"Black Or White",4,3,2,Drive,2,2,1,Intergalactic,4,5,3,"Suds And Soda",4,3,4,Tubthumping,2,1,2,"Maybe it would be better if I could rate separately the fact that two segments should be separated from the correctness of the moment it is done. Greetings."
52,AC,,afonso.figueiredo@eco.ufrj.br,"2013-04-28 10:27:21",8,5,"Black Or White",4,4,2,Drive,1,2,3,Intergalactic,2,3,1,"Suds And Soda",2,4,2,Tubthumping,2,2,2,
53,Franc,"Camps PasqualTitanTita",francamps@gmail.com,"2013-04-28 13:17:06",0,1,"Black Or White",3,3,2,Drive,2,2,1,Intergalactic,4,4,3,"Suds And Soda",4,2,3,Tubthumping,4,1,2,
54,Berit,,,"2013-04-29 03:14:17",8,4,"Black Or White",4,3,2,Drive,4,3,2,Intergalactic,4,5,3,"Suds And Soda",4,5,2,Tubthumping,3,2,2,"I saw myself wanting to give ""segmentation a is better than c is better than b"" kind of feedback, I found the scales not so easy to work with."
55,Benjamin,Martin,benjamin.martin@labri.fr,"2013-04-29 05:16:55",8,5,"Black Or White",4,2,1,Drive,3,3,1,Intergalactic,5,4,2,"Suds And Soda",5,3,2,Tubthumping,4,1,2,
56,,,,"2013-04-29 05:18:25",3,3,"Black Or White",3,2,1,Drive,2,2,2,Intergalactic,3,4,2,"Suds And Soda",5,4,3,Tubthumping,3,2,2,
57,Pablo,Recabal,pablorecabal@gmail.com,"2013-04-29 12:31:08",7,3,"Black Or White",3,2,2,Drive,2,1,1,Intergalactic,5,4,3,"Suds And Soda",4,3,4,Tubthumping,3,1,2,
58,Vasia,Kalavri,kalavri@kth.se,"2013-04-29 17:28:40",8,4,"Black Or White",3,3,3,Drive,2,1,2,Intergalactic,3,4,3,"Suds And Soda",4,4,3,Tubthumping,3,1,1,"Happy to help you save the world ;)"
59,,,,"2013-04-29 17:49:56",2,1,"Black Or White",3,2,4,Drive,4,3,5,Intergalactic,5,4,3,"Suds And Soda",4,5,2,Tubthumping,5,3,4,
60,,,,"2013-04-29 17:51:17",8,3,"Black Or White",4,1,2,Drive,1,1,1,Intergalactic,4,4,2,"Suds And Soda",4,2,3,Tubthumping,2,1,2,
61,Alex,GorjÃ³n,marvvv@gmail.com,"2013-04-29 18:34:56",0,1,"Black Or White",5,3,3,Drive,3,2,4,Intergalactic,4,3,3,"Suds And Soda",5,4,3,Tubthumping,3,2,2,"Ni zorra titan. Hope that helps!"
62,,,,"2013-04-29 21:56:55",2,3,"Black Or White",4,5,3,Drive,2,3,1,Intergalactic,5,4,3,"Suds And Soda",5,3,4,Tubthumping,5,3,2,
63,,,,"2013-04-29 23:24:59",0,1,"Black Or White",5,2,2,Drive,5,1,2,Intergalactic,5,2,3,"Suds And Soda",5,4,3,Tubthumping,4,1,2,
64,,,,"2013-04-30 10:07:16",0,1,"Black Or White",5,4,3,Drive,4,3,2,Intergalactic,4,5,3,"Suds And Soda",5,4,3,Tubthumping,4,4,2,
65,Blair,Kaneshiro,blairbo@ccrma.stanford.edu,"2013-04-30 15:52:53",8,4,"Black Or White",4,3,3,Drive,4,3,2,Intergalactic,4,3,3,"Suds And Soda",4,3,3,Tubthumping,3,2,2,"Enjoyed the experiment, hope your research goes well!"
66,Marta,Martinez,martamm@gmail.com,"2013-04-30 21:30:24",0,1,"Black Or White",4,2,1,Drive,4,2,3,Intergalactic,4,4,3,"Suds And Soda",4,2,5,Tubthumping,3,1,3,
67,,,,"2013-05-01 15:08:06",5,5,"Black Or White",4,2,2,Drive,5,4,1,Intergalactic,4,5,2,"Suds And Soda",5,4,3,Tubthumping,5,4,1,
68,,,,"2013-05-02 10:19:05",0,3,"Black Or White",3,1,2,Drive,4,2,3,Intergalactic,4,1,2,"Suds And Soda",5,3,2,Tubthumping,4,3,1,"Perhaps a short training phase before the actual experiment would be helpful? I think it is not very clear what you mean by ""section."""
69,Jeff,Gregorio,gregorio.jeff@gmail.com,"2013-05-02 17:29:52",0,3,"Black Or White",5,3,3,Drive,4,2,3,Intergalactic,4,4,3,"Suds And Soda",5,3,3,Tubthumping,3,2,1,"> 9 years of self-teaching percussion, fretted strings, keyboards, and woodwinds, as well as performance experience."
70,Alyssa,Batula,batulaa@drexel.edu,"2013-05-02 17:42:19",8,3,"Black Or White",5,4,3,Drive,2,3,2,Intergalactic,5,4,3,"Suds And Soda",5,3,3,Tubthumping,4,1,3,
71,Corentin,Guichaoua,corentin.guichaoua@irisa.fr,"2013-05-03 05:49:12",0,3,"Black Or White",4,4,2,Drive,3,3,1,Intergalactic,4,4,2,"Suds And Soda",5,4,3,Tubthumping,5,2,2,
72,Justin,Salamon,justin.salamon@upf.edu,"2013-05-03 10:38:58",8,3,"Black Or White",4,2,3,Drive,4,2,2,Intergalactic,5,4,3,"Suds And Soda",5,3,3,Tubthumping,4,2,2,"I hope this helps save mankind!"
73,Jeffrey,Glenn,jrg488@nyu.edu,"2013-05-04 04:25:26",8,5,"Black Or White",1,1,1,Drive,1,1,1,Intergalactic,1,4,1,"Suds And Soda",1,2,1,Tubthumping,1,1,1,"Instructions unclear"
74,"Jess ",Thompson,jes,"2013-05-04 21:55:09",8,4,"Black Or White",4,2,2,Drive,4,2,3,Intergalactic,4,5,4,"Suds And Soda",5,4,3,Tubthumping,2,1,2,
75,,,,"2013-05-06 04:35:29",3,3,"Black Or White",4,2,2,Drive,1,1,1,Intergalactic,4,3,2,"Suds And Soda",5,2,2,Tubthumping,2,1,1,"i missed and option to add my own dings"
76,,,,"2013-05-06 12:16:55",8,4,"Black Or White",4,2,3,Drive,4,3,4,Intergalactic,2,4,4,"Suds And Soda",5,3,4,Tubthumping,3,3,4,
