id,track name,artist name
0,Misery,The Beatles
1,You've Got To Hide Your Love Away,The Beatles
2,Rock and Roll Music,The Beatles
3,Not,Box O' Laffs
4,Escape Artist,Chemtrail
5,Honey Don't,The Sunshine Superstars
6,HDanger20000824T02shn,Harvey Danger
7,Mr. Spaceman,Deadstring Brothers
8,Crossroads,Nationwide Coverage
9,Wait,The Beatles
10,I Got Your Number,The Alchemystics
11,Not a Second Time,The Beatles
12,She Came in Through the Bathroom Window,The Beatles
13,Bigger Than JC,The Emotron
14,Ain't Too Proud To Beg,The Lost
15,The Ballad of Neville and Luna,The Remus Lupins
16,It's Over Now,The Pistol Whippin' Party Penguins
17,...One More Time,Britney Spears
18,Back in the USSR,The Beatles
19,Everybody's Got Something to Hide Except Me and My Monkey,The Beatles